Anno;Mese;Municipio;Incidenti;Feriti;Morti
2023;9;8;112;141;2
2023;9;9;76;86;2
2023;10;;37;58;0
2023;10;1;86;102;0
2023;10;2;61;80;0
2023;10;3;106;132;2
2023;10;4;73;93;2
2023;10;5;64;76;0
2023;10;6;72;91;0
2023;10;7;91;107;1
2023;10;8;78;94;0
2023;10;9;87;102;1
2023;11;;29;38;0
2023;11;1;96;118;0
2023;11;2;50;56;0
2023;11;3;101;111;1
2023;11;4;66;71;3
2023;11;5;61;82;0
2023;11;6;58;72;0
2023;11;7;63;84;0
2023;11;8;87;108;0
2023;11;9;80;107;0
2023;12;;27;36;0
2023;12;1;58;69;0
2023;12;2;39;42;0
2023;12;3;73;85;0
2023;12;4;55;73;0
2023;12;5;37;39;0
2023;12;6;59;69;1
2023;12;7;67;92;0
2023;12;8;72;86;0
2023;12;9;68;84;0
2024;1;;34;41;0
2024;1;1;54;62;0
2024;1;2;46;53;0
2024;1;3;83;108;0
2024;1;4;53;60;1
2024;1;5;49;63;0
2024;1;6;52;68;0
2024;1;7;55;65;0
2024;1;8;67;85;0
2024;1;9;80;108;0
2024;2;;28;35;0
2024;2;1;62;72;0
2024;2;2;43;48;0
2024;2;3;60;72;0
2024;2;4;55;71;0
2024;2;5;55;73;0
2024;2;6;42;53;0
2024;2;7;48;59;1
2024;2;8;79;101;0
2024;2;9;78;101;0
2024;3;;36;52;0
2024;3;1;74;88;0
2024;3;2;33;36;0
2024;3;3;80;101;0
2024;3;4;71;88;0
2024;3;5;57;65;0
2024;3;6;59;71;0
2024;3;7;68;75;1
2024;3;8;69;87;0
2024;3;9;88;105;1
2024;4;;36;52;2
2024;4;1;66;78;0
2024;4;2;27;29;0
2024;4;3;81;107;2
2024;4;4;54;63;0
2024;4;5;61;80;0
2024;4;6;69;91;0
2024;4;7;58;85;0
2024;4;8;91;106;0
2024;4;9;70;93;0
2024;5;;40;59;0
2024;5;1;78;89;0
2024;5;2;59;81;0
2024;5;3;81;96;1
2024;5;4;73;83;0
2024;5;5;77;88;0
2024;5;6;52;64;0
2024;5;7;83;90;2
2024;5;8;66;86;1
2024;5;9;83;105;0
2024;6;;30;42;0
2024;6;1;75;92;0
2024;6;2;46;57;0
2024;6;3;75;88;1
2024;6;4;70;77;2
2024;6;5;69;89;0
2024;6;6;47;56;0
2024;6;7;83;103;2
2024;6;8;85;110;1
2024;6;9;93;124;0
2024;7;;30;43;0
2024;7;1;80;96;0
2024;7;2;42;53;0
2024;7;3;80;97;1
2024;7;4;65;83;0
2024;7;5;61;68;0
2024;7;6;54;74;0
2024;7;7;75;97;1
2024;7;8;58;75;0
2024;7;9;88;111;0
2024;8;;15;21;0
2024;8;1;42;49;3
2024;8;2;27;34;0
2024;8;3;52;67;0
2024;8;4;37;41;0
2024;8;5;32;34;0
2024;8;6;35;50;0
2024;8;7;38;50;0
2024;8;8;55;68;0
2024;8;9;64;72;0
2024;9;;33;39;0
2024;9;1;89;109;0
2024;9;2;47;58;0
2024;9;3;79;94;0
2024;9;4;71;86;0
2024;9;5;76;97;0
2024;9;6;55;77;1
2024;9;7;65;76;0
2024;9;8;109;140;0
2024;9;9;97;130;0
2024;10;;35;43;0
2024;10;1;87;100;1
2022;9;4;71;94;0
2022;9;5;73;88;0
2022;9;6;55;69;0
2022;9;7;80;90;3
2022;9;8;95;125;2
2022;9;9;83;105;0
2022;10;;29;34;0
2022;10;1;95;108;0
2022;10;2;52;68;0
2022;10;3;90;116;0
2022;10;4;80;93;0
2022;10;5;57;72;0
2022;10;6;72;87;1
2022;10;7;87;117;0
2022;10;8;100;124;0
2022;10;9;96;127;1
2022;11;;25;32;0
2022;11;1;86;102;1
2022;11;2;51;61;0
2022;11;3;97;125;1
2022;11;4;66;83;2
2022;11;5;53;63;0
2022;11;6;48;62;1
2022;11;7;83;103;0
2022;11;8;91;113;0
2022;11;9;82;102;0
2022;12;;24;31;0
2022;12;1;59;68;0
2022;12;2;31;40;1
2022;12;3;64;77;0
2022;12;4;47;57;0
2022;12;5;58;71;0
2022;12;6;48;59;0
2022;12;7;66;84;3
2022;12;8;80;101;1
2022;12;9;65;92;0
2023;1;;24;34;0
2023;1;1;64;69;0
2023;1;2;46;57;0
2023;1;3;76;106;0
2023;1;4;56;65;0
2023;1;5;37;47;0
2023;1;6;41;52;0
2023;1;7;65;87;1
2023;1;8;80;99;0
2023;1;9;68;82;1
2023;2;;31;43;0
2023;2;1;77;90;1
2023;2;2;38;42;1
2023;2;3;69;81;0
2023;2;4;46;54;1
2023;2;5;51;67;0
2023;2;6;63;70;0
2023;2;7;61;84;1
2023;2;8;88;115;1
2023;2;9;81;101;1
2023;3;;31;38;0
2023;3;1;79;105;0
2023;3;2;55;67;1
2023;3;3;80;101;0
2023;3;4;64;81;0
2023;3;5;60;72;0
2023;3;6;76;97;2
2023;3;7;69;89;0
2023;3;8;88;104;1
2023;3;9;75;104;0
2023;4;;24;30;0
2023;4;1;57;63;1
2023;4;2;51;66;0
2023;4;3;84;107;2
2023;4;4;58;75;0
2023;4;5;54;72;0
2023;4;6;54;60;0
2023;4;7;68;87;1
2023;4;8;76;98;0
2023;4;9;80;103;0
2023;5;;36;47;0
2023;5;1;93;116;0
2023;5;2;59;66;1
2023;5;3;102;122;0
2023;5;4;65;82;0
2023;5;5;64;77;0
2023;5;6;73;94;0
2023;5;7;90;111;0
2023;5;8;96;114;0
2023;5;9;86;101;1
2023;6;;26;30;0
2023;6;1;83;93;0
2023;6;2;44;47;1
2023;6;3;98;118;0
2023;6;4;57;63;0
2023;6;5;63;76;0
2023;6;6;65;87;0
2023;6;7;75;95;0
2023;6;8;96;116;0
2023;6;9;106;124;0
2023;7;;27;37;0
2023;7;1;55;65;0
2023;7;2;49;57;0
2023;7;3;68;84;0
2023;7;4;52;62;0
2023;7;5;51;68;0
2023;7;6;49;61;0
2023;7;7;46;61;0
2023;7;8;67;85;1
2023;7;9;94;108;1
2023;8;;21;23;1
2023;8;1;37;45;2
2023;8;2;22;27;0
2023;8;3;63;78;0
2023;8;4;40;54;1
2023;8;5;34;40;0
2023;8;6;35;50;0
2023;8;7;37;49;0
2023;8;8;56;83;0
2023;8;9;46;54;0
2023;9;;29;34;0
2023;9;1;74;87;0
2023;9;2;53;64;1
2023;9;3;94;110;0
2023;9;4;59;74;1
2023;9;5;62;87;0
2023;9;6;53;74;1
2023;9;7;74;94;0
2024;10;2;48;53;1
2024;10;3;105;123;0
2024;10;4;70;89;0
2024;10;5;57;68;0
2024;10;6;72;85;0
2024;10;7;76;89;1
2024;10;8;104;135;0
2024;10;9;99;121;0
2024;11;;28;38;0
2024;11;1;72;86;0
2024;11;2;58;70;0
2024;11;3;99;119;0
2024;11;4;56;70;1
2024;11;5;75;101;1
2024;11;6;68;78;0
2024;11;7;69;90;0
2024;11;8;110;123;0
2024;11;9;89;107;3
2024;12;;28;34;1
2024;12;1;81;92;1
2024;12;2;41;50;0
2024;12;3;75;86;1
2024;12;4;54;70;1
2024;12;5;53;64;0
2024;12;6;59;72;1
2024;12;7;74;88;0
2024;12;8;91;119;0
2024;12;9;82;103;1
2001;1;;50;69;1
2001;1;1;171;209;0
2001;1;2;91;115;1
2001;1;3;141;187;1
2001;1;4;105;154;0
2001;1;5;118;173;0
2001;1;6;98;133;0
2001;1;7;140;186;3
2001;1;8;141;189;1
2001;1;9;178;275;1
2001;2;;41;59;0
2001;2;1;161;210;1
2001;2;2;90;136;1
2001;2;3;147;200;1
2001;2;4;122;165;1
2001;2;5;95;129;0
2001;2;6;104;139;1
2001;2;7;113;150;2
2001;2;8;159;213;3
2001;2;9;156;215;1
2001;3;;51;60;0
2001;3;1;190;245;1
2001;3;2;82;106;1
2001;3;3;178;260;1
2001;3;4;130;187;2
2001;3;5;151;237;1
2001;3;6;111;147;0
2001;3;7;156;214;0
2001;3;8;189;251;0
2001;3;9;181;270;1
2001;4;;47;63;1
2001;4;1;164;219;0
2001;4;2;110;141;1
2001;4;3;177;250;0
2001;4;4;161;233;1
2001;4;5;128;186;0
2001;4;6;95;130;1
2001;4;7;128;188;0
2001;4;8;158;221;1
2001;4;9;201;273;3
2001;5;;54;71;0
2001;5;1;205;267;0
2001;5;2;87;127;1
2001;5;3;207;287;1
2001;5;4;194;275;1
2001;5;5;152;204;0
2001;5;6;137;221;0
2001;5;7;192;271;1
2001;5;8;229;299;0
2001;5;9;240;331;0
2001;6;;53;81;1
2001;6;1;237;293;1
2001;6;2;137;186;0
2001;6;3;211;315;0
2001;6;4;178;247;1
2001;6;5;202;260;2
2001;6;6;156;197;0
2001;6;7;206;278;1
2001;6;8;222;307;2
2001;6;9;240;342;1
2001;7;;52;64;1
2001;7;1;203;258;0
2001;7;2;107;138;0
2001;7;3;223;301;2
2001;7;4;181;236;3
2001;7;5;164;240;0
2001;7;6;128;178;1
2001;7;7;164;218;1
2001;7;8;208;279;1
2001;7;9;227;311;0
2001;8;;24;37;0
2001;8;1;85;129;1
2001;8;2;64;88;2
2001;8;3;112;167;0
2001;8;4;84;117;0
2001;8;5;87;137;2
2001;8;6;64;88;1
2001;8;7;84;127;0
2001;8;8;117;155;0
2001;8;9;127;176;1
2001;9;;50;82;0
2001;9;1;182;248;0
2001;9;2;106;146;0
2001;9;3;182;261;0
2001;9;4;155;229;1
2001;9;5;154;218;1
2001;9;6;116;150;2
2001;9;7;168;230;0
2001;9;8;188;250;0
2001;9;9;190;261;2
2001;10;;64;91;0
2001;10;1;216;285;1
2001;10;2;101;138;0
2001;10;3;225;311;1
2001;10;4;177;233;1
2001;10;5;143;188;0
2001;10;6;149;203;0
2001;10;7;181;235;0
2001;10;8;192;257;1
2001;10;9;227;321;2
2001;11;;66;87;0
2001;11;1;206;279;0
2001;11;2;99;152;1
2001;11;3;211;285;1
2001;11;4;159;223;2
2001;11;5;147;194;1
2001;11;6;126;165;0
2001;11;7;143;192;1
2001;11;8;213;286;0
2001;11;9;213;307;0
2001;12;;53;81;0
2001;12;1;187;238;0
2001;12;2;97;116;0
2001;12;3;162;239;0
2001;12;4;136;181;1
2001;12;5;152;213;1
2001;12;6;125;197;1
2001;12;7;153;214;1
2001;12;8;184;250;1
2001;12;9;207;272;0
2002;1;;41;51;0
2002;1;1;148;201;1
2002;1;2;81;110;1
2002;1;3;149;208;1
2002;1;4;126;183;2
2002;1;5;130;182;0
2002;1;6;125;169;1
2002;1;7;114;151;0
2002;1;8;153;219;1
2002;1;9;169;225;0
2002;2;;54;73;0
2002;2;1;144;189;2
2002;2;2;83;105;0
2002;2;3;153;193;1
2002;2;4;112;148;2
2002;2;5;112;162;2
2002;2;6;101;132;2
2002;2;7;119;167;0
2002;2;8;144;196;1
2002;2;9;170;229;1
2002;3;;50;82;0
2002;3;1;192;258;0
2002;3;2;97;133;0
2002;3;3;190;264;1
2002;3;4;119;167;0
2002;3;5;146;197;1
2002;3;6;135;217;0
2002;3;7;134;172;0
2002;3;8;166;237;0
2002;3;9;206;294;1
2002;4;;55;79;0
2002;4;1;168;211;2
2002;4;2;110;170;0
2002;4;3;180;266;0
2002;4;4;140;201;1
2002;4;5;138;201;2
2002;4;6;122;156;0
2002;4;7;151;241;0
2002;4;8;186;251;4
2002;4;9;189;263;1
2002;5;;63;84;1
2002;5;1;198;243;0
2002;5;2;120;182;0
2002;5;3;208;282;0
2002;5;4;169;229;1
2002;5;5;157;216;1
2002;5;6;119;153;0
2002;5;7;178;265;1
2002;5;8;185;245;2
2002;5;9;229;314;0
2002;6;;61;80;0
2002;6;1;168;209;1
2002;6;2;90;110;0
2002;6;3;211;294;0
2002;6;4;155;221;2
2002;6;5;166;206;1
2002;6;6;134;207;0
2002;6;7;161;214;0
2002;6;8;169;232;2
2002;6;9;204;274;1
2002;7;;87;125;2
2002;7;1;183;238;0
2002;7;2;119;153;0
2002;7;3;206;277;0
2002;7;4;172;227;1
2002;7;5;135;197;2
2002;7;6;147;204;0
2002;7;7;175;240;0
2002;7;8;220;291;1
2002;7;9;247;335;2
2002;8;;40;57;0
2002;8;1;84;117;0
2002;8;2;61;95;0
2002;8;3;109;163;0
2002;8;4;76;105;0
2002;8;5;73;110;1
2002;8;6;50;70;0
2002;8;7;90;125;1
2002;8;8;85;120;1
2002;8;9;124;179;2
2002;9;;53;73;0
2002;9;1;211;260;0
2002;9;2;105;151;1
2002;9;3;185;237;0
2002;9;4;154;210;1
2002;9;5;145;209;0
2002;9;6;135;184;1
2002;9;7;154;208;1
2002;9;8;205;286;1
2002;9;9;189;264;0
2002;10;;64;86;0
2002;10;1;225;296;0
2002;10;2;135;171;2
2002;10;3;235;324;0
2002;10;4;179;239;1
2002;10;5;135;192;0
2002;10;6;147;189;0
2002;10;7;190;239;0
2002;10;8;228;298;1
2002;10;9;240;353;1
2002;11;;57;79;2
2002;11;1;250;327;1
2002;11;2;131;174;0
2002;11;3;197;276;0
2002;11;4;183;234;1
2002;11;5;157;228;1
2002;11;6;138;185;1
2002;11;7;166;243;1
2002;11;8;223;309;1
2002;11;9;198;270;0
2002;12;;60;87;0
2002;12;1;206;271;0
2002;12;2;140;191;0
2002;12;3;162;225;0
2002;12;4;128;181;0
2002;12;5;115;176;1
2002;12;6;122;166;0
2002;12;7;142;185;0
2002;12;8;183;294;0
2002;12;9;165;232;0
2003;1;;45;84;0
2003;1;1;168;235;1
2003;1;2;94;125;0
2003;1;3;156;215;0
2003;1;4;108;145;0
2003;1;5;120;160;0
2003;1;6;87;125;0
2003;1;7;130;186;1
2003;1;8;162;227;0
2003;1;9;166;232;0
2003;2;;48;70;0
2003;2;1;145;168;0
2003;2;2;94;128;0
2003;2;3;147;213;0
2003;2;4;129;187;0
2003;2;5;113;146;2
2003;2;6;84;126;1
2003;2;7;111;146;0
2003;2;8;142;206;1
2003;2;9;133;188;1
2003;3;;57;85;0
2003;3;1;170;218;0
2003;3;2;101;134;0
2003;3;3;167;229;1
2003;3;4;159;194;0
2003;3;5;159;229;2
2003;3;6;118;163;2
2003;3;7;157;228;0
2003;3;8;181;242;1
2003;3;9;210;323;2
2003;4;;68;87;0
2003;4;1;180;238;0
2003;4;2;97;140;1
2003;4;3;170;225;1
2003;4;4;131;183;0
2003;4;5;142;200;3
2003;4;6;124;171;0
2003;4;7;136;198;0
2003;4;8;165;198;0
2003;4;9;194;261;0
2003;5;;74;91;1
2003;5;1;213;260;0
2003;5;2;112;153;2
2003;5;3;207;301;1
2003;5;4;180;244;1
2003;5;5;167;222;2
2003;5;6;136;189;1
2003;5;7;192;257;0
2003;5;8;211;277;1
2003;5;9;257;364;1
2003;6;;68;89;1
2003;6;1;189;228;0
2003;6;2;101;135;1
2003;6;3;188;238;0
2003;6;4;170;222;0
2003;6;5;152;213;2
2003;6;6;136;180;1
2003;6;7;199;273;3
2003;6;8;194;256;2
2003;6;9;230;329;2
2003;7;;55;62;0
2003;7;1;175;207;0
2003;7;2;99;126;0
2003;7;3;171;220;0
2003;7;4;147;178;1
2003;7;5;130;167;1
2003;7;6;135;183;0
2003;7;7;142;189;2
2003;7;8;181;243;0
2003;7;9;188;231;0
2003;8;;24;24;0
2003;8;1;64;77;0
2003;8;2;53;68;2
2003;8;3;92;131;0
2003;8;4;70;99;2
2003;8;5;55;79;0
2003;8;6;57;78;0
2003;8;7;87;122;0
2003;8;8;87;119;0
2003;8;9;110;164;1
2003;9;;57;77;0
2003;9;1;181;233;0
2003;9;2;86;116;0
2003;9;3;188;263;1
2003;9;4;116;161;0
2003;9;5;138;184;1
2003;9;6;119;148;0
2003;9;7;181;230;1
2003;9;8;172;212;3
2003;9;9;166;215;3
2003;10;;61;88;0
2003;10;1;222;268;0
2003;10;2;116;145;1
2003;10;3;234;315;0
2003;10;4;171;231;2
2003;10;5;146;199;0
2003;10;6;142;183;0
2003;10;7;190;251;0
2003;10;8;213;284;1
2003;10;9;211;282;1
2003;11;;50;66;1
2003;11;1;182;225;1
2003;11;2;88;125;0
2003;11;3;167;228;0
2003;11;4;127;171;0
2003;11;5;155;196;0
2003;11;6;135;179;0
2003;11;7;174;229;2
2003;11;8;162;203;2
2003;11;9;197;291;1
2003;12;;64;90;0
2003;12;1;167;221;0
2003;12;2;119;161;0
2003;12;3;174;224;0
2003;12;4;115;155;0
2003;12;5;151;201;0
2003;12;6;98;133;0
2003;12;7;169;224;0
2003;12;8;164;220;0
2003;12;9;185;249;0
2004;1;;39;61;0
2004;1;1;151;172;1
2004;1;2;84;117;0
2004;1;3;162;205;0
2004;1;4;115;156;1
2004;1;5;119;163;0
2004;1;6;101;146;1
2004;1;7;118;170;1
2004;1;8;151;204;2
2004;1;9;171;241;0
2004;2;;42;55;0
2004;2;1;144;165;1
2004;2;2;68;93;0
2004;2;3;136;172;0
2004;2;4;112;165;0
2004;2;5;126;189;1
2004;2;6;97;135;1
2004;2;7;114;164;0
2004;2;8;136;186;1
2004;2;9;157;215;1
2004;3;;55;75;0
2004;3;1;171;229;0
2004;3;2;90;121;0
2004;3;3;170;218;0
2004;3;4;120;151;1
2004;3;5;123;174;1
2004;3;6;96;143;0
2004;3;7;128;162;0
2004;3;8;159;225;0
2004;3;9;186;244;0
2004;4;;66;91;0
2004;4;1;165;214;0
2004;4;2;88;124;1
2004;4;3;177;226;0
2004;4;4;134;187;1
2004;4;5;134;195;0
2004;4;6;115;143;0
2004;4;7;166;230;2
2004;4;8;158;220;0
2004;4;9;188;256;2
2004;5;;63;76;0
2004;5;1;214;292;0
2004;5;2;110;142;1
2004;5;3;195;259;1
2004;5;4;151;190;0
2004;5;5;157;223;2
2004;5;6;129;164;1
2004;5;7;157;217;0
2004;5;8;189;239;3
2004;5;9;213;297;1
2004;6;;58;74;2
2004;6;1;172;206;2
2004;6;2;94;129;1
2004;6;3;206;280;0
2004;6;4;170;211;1
2004;6;5;174;232;2
2004;6;6;136;178;1
2004;6;7;179;245;1
2004;6;8;199;263;0
2004;6;9;189;304;1
2004;7;;71;91;0
2004;7;1;169;208;0
2004;7;2;96;135;0
2004;7;3;216;295;0
2004;7;4;142;192;3
2004;7;5;157;210;1
2004;7;6;103;131;0
2004;7;7;162;203;0
2004;7;8;201;264;0
2004;7;9;212;274;0
2004;8;;30;37;0
2004;8;1;56;76;0
2004;8;2;64;98;0
2004;8;3;101;137;0
2004;8;4;58;84;0
2004;8;5;78;106;0
2004;8;6;60;71;0
2004;8;7;63;88;1
2004;8;8;79;100;0
2004;8;9;110;150;1
2004;9;;66;88;1
2004;9;1;177;221;0
2004;9;2;113;156;0
2004;9;3;182;248;0
2004;9;4;146;174;1
2004;9;5;137;190;2
2004;9;6;106;132;0
2004;9;7;161;223;1
2004;9;8;184;257;0
2004;9;9;188;267;1
2004;10;;73;100;0
2004;10;1;223;278;2
2004;10;2;118;165;0
2004;10;3;243;321;1
2004;10;4;177;226;1
2004;10;5;149;200;2
2004;10;6;127;165;1
2004;10;7;157;196;1
2004;10;8;222;297;0
2004;10;9;221;308;1
2004;11;;59;80;0
2004;11;1;159;200;0
2004;11;2;79;117;0
2004;11;3;203;267;0
2004;11;4;135;194;0
2004;11;5;130;187;2
2004;11;6;106;149;0
2004;11;7;115;144;1
2004;11;8;179;256;1
2004;11;9;210;277;4
2004;12;;60;84;0
2004;12;1;157;200;0
2004;12;2;97;135;1
2004;12;3;164;238;0
2004;12;4;119;153;0
2004;12;5;139;193;3
2004;12;6;111;159;1
2004;12;7;130;169;1
2004;12;8;194;245;1
2004;12;9;185;271;0
2005;1;;41;56;0
2005;1;1;125;159;1
2005;1;2;76;111;0
2005;1;3;151;203;1
2005;1;4;108;139;0
2005;1;5;111;164;1
2005;1;6;97;137;1
2005;1;7;97;144;0
2005;1;8;130;175;4
2005;1;9;132;194;0
2005;2;;50;64;0
2005;2;1;146;193;2
2005;2;2;75;104;0
2005;2;3;139;196;0
2005;2;4;112;136;1
2005;2;5;120;173;1
2005;2;6;87;130;2
2005;2;7;87;119;1
2005;2;8;134;178;3
2005;2;9;148;200;0
2005;3;;57;82;0
2005;3;1;133;157;1
2005;3;2;75;100;0
2005;3;3;150;210;1
2005;3;4;100;123;2
2005;3;5;129;169;1
2005;3;6;101;130;1
2005;3;7;126;170;1
2005;3;8;167;217;1
2005;3;9;147;206;2
2005;4;;59;82;0
2005;4;1;166;209;1
2005;4;2;73;90;0
2005;4;3;145;195;0
2005;4;4;146;193;1
2005;4;5;138;205;2
2005;4;6;123;149;0
2005;4;7;141;185;0
2005;4;8;132;173;1
2005;4;9;186;256;0
2005;5;;79;95;0
2005;5;1;210;278;1
2005;5;2;102;138;1
2005;5;3;193;249;1
2005;5;4;152;206;1
2005;5;5;118;163;0
2005;5;6;109;140;0
2005;5;7;166;224;1
2005;5;8;201;249;1
2005;5;9;210;296;1
2005;6;;61;78;0
2005;6;1;162;200;1
2005;6;2;98;128;0
2005;6;3;185;241;0
2005;6;4;118;168;1
2005;6;5;142;218;0
2005;6;6;116;147;0
2005;6;7;142;198;0
2005;6;8;216;287;0
2005;6;9;196;264;2
2005;7;;61;80;2
2005;7;1;156;194;0
2005;7;2;101;130;0
2005;7;3;195;257;1
2005;7;4;166;224;0
2005;7;5;151;222;0
2005;7;6;110;136;0
2005;7;7;153;195;2
2005;7;8;160;219;0
2005;7;9;172;242;0
2005;8;;39;51;0
2005;8;1;79;111;0
2005;8;2;65;94;0
2005;8;3;106;139;2
2005;8;4;76;97;1
2005;8;5;87;120;0
2005;8;6;66;87;0
2005;8;7;83;104;1
2005;8;8;77;102;0
2005;8;9;118;164;0
2005;9;;64;96;0
2005;9;1;172;209;1
2005;9;2;99;129;1
2005;9;3;153;201;1
2005;9;4;127;183;1
2005;9;5;124;175;1
2005;9;6;119;157;1
2005;9;7;144;188;0
2005;9;8;157;203;4
2005;9;9;183;246;0
2005;10;;64;89;0
2005;10;1;193;257;1
2005;10;2;107;162;0
2005;10;3;162;192;1
2005;10;4;123;166;0
2005;10;5;140;195;1
2005;10;6;96;120;0
2005;10;7;163;204;0
2005;10;8;155;201;1
2005;10;9;205;285;3
2005;11;;79;124;2
2005;11;1;180;221;1
2005;11;2;89;128;0
2005;11;3;171;234;0
2005;11;4;152;197;0
2005;11;5;133;180;0
2005;11;6;116;147;0
2005;11;7;133;181;1
2005;11;8;225;305;1
2005;11;9;177;237;0
2005;12;;62;84;1
2005;12;1;145;202;0
2005;12;2;63;94;0
2005;12;3;130;192;0
2005;12;4;99;137;0
2005;12;5;119;181;0
2005;12;6;92;120;1
2005;12;7;123;156;2
2005;12;8;144;186;2
2005;12;9;142;208;2
2006;1;;50;62;1
2006;1;1;183;222;1
2006;1;2;76;103;0
2006;1;3;154;208;0
2006;1;4;102;145;0
2006;1;5;114;160;0
2006;1;6;87;111;0
2006;1;7;136;180;3
2006;1;8;143;197;3
2006;1;9;162;240;0
2006;2;;40;52;2
2006;2;1;100;124;2
2006;2;2;63;109;1
2006;2;3;120;154;1
2006;2;4;107;145;2
2006;2;5;88;123;0
2006;2;6;71;88;1
2006;2;7;105;128;3
2006;2;8;116;149;3
2006;2;9;130;177;0
2006;3;;79;105;0
2006;3;1;147;193;0
2006;3;2;79;96;0
2006;3;3;163;211;0
2006;3;4;153;205;0
2006;3;5;126;176;1
2006;3;6;86;133;1
2006;3;7;116;152;1
2006;3;8;184;234;1
2006;3;9;163;214;0
2006;4;;48;61;1
2006;4;1;163;205;2
2006;4;2;100;137;0
2006;4;3;141;200;0
2006;4;4;108;165;0
2006;4;5;102;139;1
2006;4;6;108;137;0
2006;4;7;115;155;0
2006;4;8;145;209;0
2006;4;9;144;195;1
2006;5;;71;102;1
2006;5;1;183;229;0
2006;5;2;99;145;0
2006;5;3;158;210;1
2006;5;4;143;198;1
2006;5;5;140;194;2
2006;5;6;132;165;0
2006;5;7;124;150;0
2006;5;8;191;243;0
2006;5;9;170;246;1
2006;6;;62;79;0
2006;6;1;171;213;0
2006;6;2;103;137;0
2006;6;3;171;219;1
2006;6;4;147;195;1
2006;6;5;138;180;4
2006;6;6;114;147;0
2006;6;7;163;216;1
2006;6;8;194;256;0
2006;6;9;202;283;0
2006;7;;60;74;0
2006;7;1;157;206;0
2006;7;2;92;121;0
2006;7;3;174;233;1
2006;7;4;123;177;1
2006;7;5;124;165;2
2006;7;6;109;144;0
2006;7;7;141;185;3
2006;7;8;188;249;3
2006;7;9;174;249;4
2006;8;;29;40;0
2006;8;1;69;80;0
2006;8;2;59;88;0
2006;8;3;80;109;0
2006;8;4;75;122;0
2006;8;5;54;73;1
2006;8;6;49;71;1
2006;8;7;85;129;1
2006;8;8;74;93;1
2006;8;9;108;175;1
2006;9;;50;73;0
2006;9;1;143;180;0
2006;9;2;89;120;1
2006;9;3;171;229;1
2006;9;4;128;186;0
2006;9;5;118;161;1
2006;9;6;107;135;0
2006;9;7;102;137;0
2006;9;8;186;249;1
2006;9;9;169;232;0
2006;10;;62;82;0
2006;10;1;173;220;1
2006;10;2;96;121;0
2006;10;3;158;192;1
2006;10;4;162;221;1
2006;10;5;166;224;1
2006;10;6;131;169;1
2006;10;7;127;166;1
2006;10;8;211;277;1
2006;10;9;185;257;1
2006;11;;68;91;0
2006;11;1;175;221;0
2006;11;2;92;129;0
2006;11;3;184;256;1
2006;11;4;150;220;0
2006;11;5;124;174;0
2006;11;6;106;147;1
2006;11;7;138;179;0
2006;11;8;181;234;1
2006;11;9;218;299;1
2006;12;;56;73;0
2006;12;1;145;197;0
2006;12;2;63;92;0
2006;12;3;147;197;2
2006;12;4;129;182;1
2006;12;5;103;134;0
2006;12;6;104;135;1
2006;12;7;144;189;0
2006;12;8;183;235;3
2006;12;9;191;266;0
2007;1;;53;62;0
2007;1;1;143;182;0
2007;1;2;89;115;1
2007;1;3;156;212;0
2007;1;4;86;120;1
2007;1;5;94;130;1
2007;1;6;87;119;0
2007;1;7;111;146;0
2007;1;8;151;199;1
2007;1;9;153;194;0
2007;2;;36;51;1
2007;2;1;127;156;0
2007;2;2;65;97;0
2007;2;3;125;170;3
2007;2;4;96;127;1
2007;2;5;114;157;0
2007;2;6;101;160;1
2007;2;7;123;162;1
2007;2;8;150;204;0
2007;2;9;121;179;1
2007;3;;59;75;0
2007;3;1;152;198;1
2007;3;2;69;90;2
2007;3;3;140;183;1
2007;3;4;124;157;1
2007;3;5;132;190;1
2007;3;6;130;166;3
2007;3;7;120;159;1
2007;3;8;169;210;0
2007;3;9;176;247;2
2007;4;;52;61;0
2007;4;1;112;154;1
2007;4;2;79;104;1
2007;4;3;142;190;2
2007;4;4;115;163;1
2007;4;5;124;178;1
2007;4;6;116;160;0
2007;4;7;132;183;0
2007;4;8;139;194;0
2007;4;9;180;256;0
2007;5;;60;77;0
2007;5;1;173;228;0
2007;5;2;113;141;0
2007;5;3;144;189;0
2007;5;4;134;194;3
2007;5;5;126;164;1
2007;5;6;120;161;0
2007;5;7;143;190;0
2007;5;8;160;214;2
2007;5;9;211;286;0
2007;6;;55;76;1
2007;6;1;148;190;2
2007;6;2;84;113;2
2007;6;3;176;242;0
2007;6;4;128;167;0
2007;6;5;128;164;0
2007;6;6;118;164;1
2007;6;7;160;227;1
2007;6;8;158;200;1
2007;6;9;160;235;0
2007;7;;40;52;0
2007;7;1;157;192;0
2007;7;2;101;135;2
2007;7;3;176;228;0
2007;7;4;146;203;1
2007;7;5;141;186;1
2007;7;6;132;172;1
2007;7;7;124;164;1
2007;7;8;146;205;3
2007;7;9;173;260;0
2007;8;;26;35;0
2007;8;1;67;85;0
2007;8;2;44;68;0
2007;8;3;72;94;0
2007;8;4;63;89;2
2007;8;5;77;107;0
2007;8;6;60;85;2
2007;8;7;55;65;0
2007;8;8;84;119;1
2007;8;9;90;137;2
2007;9;;47;56;0
2007;9;1;154;184;0
2007;9;2;84;112;0
2007;9;3;168;227;1
2007;9;4;131;170;0
2007;9;5;142;194;1
2007;9;6;111;146;0
2007;9;7;130;169;1
2007;9;8;165;207;1
2007;9;9;175;250;0
2007;10;;45;58;0
2007;10;1;180;231;0
2007;10;2;92;117;0
2007;10;3;157;208;0
2007;10;4;145;183;0
2007;10;5;126;149;1
2007;10;6;121;143;2
2007;10;7;144;181;4
2007;10;8;176;229;1
2007;10;9;184;251;1
2007;11;;53;73;0
2007;11;1;164;210;0
2007;11;2;86;117;0
2007;11;3;149;189;2
2007;11;4;105;131;0
2007;11;5;121;182;1
2007;11;6;121;156;2
2007;11;7;144;184;2
2007;11;8;171;234;1
2007;11;9;188;255;0
2007;12;;48;65;0
2007;12;1;146;183;0
2007;12;2;68;84;0
2007;12;3;130;167;0
2007;12;4;110;147;0
2007;12;5;107;142;1
2007;12;6;85;109;0
2007;12;7;109;162;0
2007;12;8;133;193;0
2007;12;9;145;196;0
2008;1;;36;55;2
2008;1;1;100;136;1
2008;1;2;62;88;0
2008;1;3;125;171;0
2008;1;4;108;145;1
2008;1;5;88;143;0
2008;1;6;78;104;1
2008;1;7;92;122;0
2008;1;8;157;222;2
2008;1;9;144;208;0
2008;2;;43;61;1
2008;2;1;135;211;1
2008;2;2;81;106;0
2008;2;3;142;190;0
2008;2;4;110;149;0
2008;2;5;104;145;0
2008;2;6;80;104;2
2008;2;7;101;136;1
2008;2;8;132;175;0
2008;2;9;151;211;1
2008;3;;31;42;0
2008;3;1;138;171;0
2008;3;2;88;124;0
2008;3;3;151;221;1
2008;3;4;102;142;0
2008;3;5;120;164;1
2008;3;6;107;143;1
2008;3;7;116;159;0
2008;3;8;161;212;0
2008;3;9;164;243;3
2008;4;;48;67;0
2008;4;1;130;161;1
2008;4;2;101;132;0
2008;4;3;146;182;0
2008;4;4;114;168;0
2008;4;5;124;172;1
2008;4;6;109;147;0
2008;4;7;133;180;0
2008;4;8;163;219;1
2008;4;9;143;202;1
2008;5;;42;54;2
2008;5;1;113;148;0
2008;5;2;81;126;0
2008;5;3;159;216;1
2008;5;4;115;151;1
2008;5;5;106;151;0
2008;5;6;98;134;1
2008;5;7;151;210;2
2008;5;8;143;197;3
2008;5;9;136;187;1
2008;6;;47;62;0
2008;6;1;124;162;0
2008;6;2;87;115;0
2008;6;3;159;205;1
2008;6;4;134;191;0
2008;6;5;108;152;1
2008;6;6;102;135;2
2008;6;7;142;189;1
2008;6;8;147;190;0
2008;6;9;155;222;1
2008;7;;42;57;1
2008;7;1;132;164;0
2008;7;2;80;103;0
2008;7;3;171;221;0
2008;7;4;104;131;1
2008;7;5;119;152;2
2008;7;6;101;143;0
2008;7;7;136;176;0
2008;7;8;147;185;1
2008;7;9;146;198;0
2008;8;;23;29;0
2008;8;1;42;56;2
2008;8;2;34;41;0
2008;8;3;63;95;0
2008;8;4;57;71;0
2008;8;5;65;92;2
2008;8;6;47;60;0
2008;8;7;69;101;0
2008;8;8;79;105;0
2008;8;9;96;128;0
2008;9;;36;45;1
2008;9;1;157;199;0
2008;9;2;76;102;0
2008;9;3;126;179;1
2008;9;4;125;176;0
2008;9;5;132;175;3
2008;9;6;114;170;1
2008;9;7;134;176;1
2008;9;8;151;185;0
2008;9;9;147;197;1
2008;10;;58;82;0
2008;10;1;157;212;0
2008;10;2;84;103;0
2008;10;3;182;221;2
2008;10;4;137;176;1
2008;10;5;144;229;1
2008;10;6;129;159;2
2008;10;7;123;179;0
2008;10;8;187;234;0
2008;10;9;177;220;1
2008;11;;55;71;0
2008;11;1;165;199;0
2008;11;2;86;110;0
2008;11;3;162;222;0
2008;11;4;115;152;0
2008;11;5;116;138;1
2008;11;6;93;121;0
2008;11;7;117;154;0
2008;11;8;161;213;1
2008;11;9;161;214;0
2008;12;;37;51;1
2008;12;1;109;133;0
2008;12;2;56;73;0
2008;12;3;129;178;1
2008;12;4;101;128;1
2008;12;5;83;117;0
2008;12;6;74;103;0
2008;12;7;111;148;2
2008;12;8;119;161;0
2008;12;9;143;189;1
2009;1;;33;45;0
2009;1;1;114;141;0
2009;1;2;56;78;0
2009;1;3;103;135;0
2009;1;4;69;87;0
2009;1;5;83;122;0
2009;1;6;75;105;0
2009;1;7;98;133;0
2009;1;8;88;126;0
2009;1;9;134;176;1
2009;2;;31;42;0
2009;2;1;103;127;1
2009;2;2;52;75;0
2009;2;3;104;141;0
2009;2;4;75;90;2
2009;2;5;69;106;0
2009;2;6;83;108;0
2009;2;7;92;120;1
2009;2;8;105;143;1
2009;2;9;112;144;1
2009;3;;55;69;1
2009;3;1;159;191;0
2009;3;2;68;91;0
2009;3;3;130;178;0
2009;3;4;110;142;0
2009;3;5;115;168;0
2009;3;6;94;118;0
2009;3;7;129;171;0
2009;3;8;136;162;0
2009;3;9;133;185;1
2009;4;;52;75;1
2009;4;1;121;154;1
2009;4;2;66;99;0
2009;4;3;122;169;0
2009;4;4;103;133;0
2009;4;5;109;156;2
2009;4;6;95;126;0
2009;4;7;96;120;0
2009;4;8;134;172;1
2009;4;9;146;211;1
2009;5;;32;41;0
2009;5;1;144;179;0
2009;5;2;88;115;0
2009;5;3;157;190;0
2009;5;4;116;145;0
2009;5;5;110;153;0
2009;5;6;118;156;0
2009;5;7;150;197;1
2009;5;8;160;198;1
2009;5;9;145;191;0
2009;6;;34;46;0
2009;6;1;134;175;0
2009;6;2;89;120;0
2009;6;3;137;189;0
2009;6;4;143;199;1
2009;6;5;123;175;2
2009;6;6;113;149;2
2009;6;7;124;172;0
2009;6;8;178;238;0
2009;6;9;164;223;2
2009;7;;52;68;0
2009;7;1;147;175;0
2009;7;2;80;108;0
2009;7;3;130;177;1
2009;7;4;122;161;1
2009;7;5;119;157;1
2009;7;6;109;144;0
2009;7;7;126;161;0
2009;7;8;140;179;0
2009;7;9;142;196;0
2009;8;;27;32;0
2009;8;1;56;79;0
2009;8;2;31;42;0
2009;8;3;73;100;0
2009;8;4;65;101;1
2009;8;5;65;97;0
2009;8;6;53;75;1
2009;8;7;65;98;1
2009;8;8;77;101;1
2009;8;9;74;113;2
2009;9;;45;66;0
2009;9;1;144;182;0
2009;9;2;78;120;1
2009;9;3;131;176;0
2009;9;4;112;148;2
2009;9;5;107;151;0
2009;9;6;99;136;1
2009;9;7;126;148;1
2009;9;8;121;153;2
2009;9;9;166;228;0
2009;10;;53;75;1
2009;10;1;187;241;0
2009;10;2;96;143;1
2009;10;3;145;201;0
2009;10;4;136;184;1
2009;10;5;124;168;0
2009;10;6;114;151;0
2009;10;7;102;130;0
2009;10;8;159;211;0
2009;10;9;157;198;1
2009;11;;44;63;0
2009;11;1;149;196;0
2009;11;2;74;106;0
2009;11;3;158;212;0
2009;11;4;124;169;1
2009;11;5;125;172;1
2009;11;6;82;106;1
2009;11;7;115;146;1
2009;11;8;141;196;0
2009;11;9;138;182;1
2009;12;;36;50;0
2009;12;1;94;122;0
2009;12;2;66;88;0
2009;12;3;117;149;1
2009;12;4;91;127;0
2009;12;5;83;108;0
2009;12;6;85;108;0
2009;12;7;85;110;0
2009;12;8;121;175;1
2009;12;9;136;193;0
2010;1;;39;46;4
2010;1;1;108;141;0
2010;1;2;45;76;0
2010;1;3;104;140;1
2010;1;4;76;108;0
2010;1;5;58;83;0
2010;1;6;83;106;1
2010;1;7;82;103;1
2010;1;8;118;172;0
2010;1;9;116;163;0
2010;2;;30;40;0
2010;2;1;116;161;1
2010;2;2;58;69;0
2010;2;3;117;171;0
2010;2;4;65;86;1
2010;2;5;83;121;0
2010;2;6;73;97;0
2010;2;7;78;105;0
2010;2;8;98;129;2
2010;2;9;120;167;0
2010;3;;57;80;0
2010;3;1;127;158;0
2010;3;2;53;74;0
2010;3;3;140;198;1
2010;3;4;108;147;1
2010;3;5;113;143;0
2010;3;6;85;116;0
2010;3;7;104;131;1
2010;3;8;146;189;0
2010;3;9;174;235;1
2010;4;;48;70;0
2010;4;1;133;169;1
2010;4;2;70;86;0
2010;4;3;125;173;0
2010;4;4;119;161;2
2010;4;5;122;174;0
2010;4;6;109;148;0
2010;4;7;105;152;1
2010;4;8;138;183;0
2010;4;9;144;193;0
2010;5;;53;68;0
2010;5;1;147;179;1
2010;5;2;76;103;0
2010;5;3;138;195;0
2010;5;4;135;200;1
2010;5;5;123;158;1
2010;5;6;107;142;0
2010;5;7;106;143;1
2010;5;8;143;196;0
2010;5;9;126;168;0
2010;6;;53;76;0
2010;6;1;130;170;0
2010;6;2;75;98;1
2010;6;3;149;205;0
2010;6;4;122;155;1
2010;6;5;117;162;1
2010;6;6;87;115;0
2010;6;7;126;175;1
2010;6;8;140;169;0
2010;6;9;134;189;0
2010;7;;33;38;0
2010;7;1;121;167;0
2010;7;2;85;116;1
2010;7;3;135;185;1
2010;7;4;131;183;3
2010;7;5;107;143;1
2010;7;6;99;138;1
2010;7;7;99;125;0
2010;7;8;110;151;1
2010;7;9;153;204;1
2010;8;;27;40;0
2010;8;1;35;46;0
2010;8;2;37;53;0
2010;8;3;72;113;0
2010;8;4;49;70;0
2010;8;5;57;89;2
2010;8;6;47;65;0
2010;8;7;53;80;1
2010;8;8;79;99;0
2010;8;9;74;108;0
2010;9;;51;69;0
2010;9;1;121;154;0
2010;9;2;73;100;0
2010;9;3;114;145;0
2010;9;4;100;138;0
2010;9;5;106;135;0
2010;9;6;65;84;2
2010;9;7;106;134;0
2010;9;8;136;181;1
2010;9;9;150;207;2
2010;10;;46;64;0
2010;10;1;142;182;1
2010;10;2;76;96;0
2010;10;3;131;188;0
2010;10;4;130;192;0
2010;10;5;118;162;0
2010;10;6;76;99;0
2010;10;7;115;152;1
2010;10;8;131;164;0
2010;10;9;181;252;0
2010;11;;52;76;1
2010;11;1;166;201;0
2010;11;2;71;95;0
2010;11;3;124;157;0
2010;11;4;92;126;0
2010;11;5;112;162;0
2010;11;6;90;123;0
2010;11;7;107;141;0
2010;11;8;135;170;1
2010;11;9;126;178;1
2010;12;;46;69;0
2010;12;1;103;133;0
2010;12;2;48;61;0
2010;12;3;119;158;0
2010;12;4;90;132;0
2010;12;5;80;117;0
2010;12;6;81;102;0
2010;12;7;89;120;0
2010;12;8;119;148;2
2010;12;9;117;156;2
2011;1;;34;45;0
2011;1;1;82;110;1
2011;1;2;44;72;0
2011;1;3;75;119;0
2011;1;4;71;107;0
2011;1;5;75;110;1
2011;1;6;68;99;1
2011;1;7;67;83;0
2011;1;8;76;106;1
2011;1;9;109;147;0
2011;2;;46;70;1
2011;2;1;85;104;0
2011;2;2;57;83;0
2011;2;3;114;154;0
2011;2;4;67;87;1
2011;2;5;93;132;1
2011;2;6;83;105;0
2011;2;7;76;100;0
2011;2;8;102;136;0
2011;2;9;110;147;0
2011;3;;95;129;0
2011;3;1;105;131;0
2011;3;2;69;90;0
2011;3;3;112;145;0
2011;3;4;100;125;2
2011;3;5;80;115;0
2011;3;6;83;123;1
2011;3;7;105;150;2
2011;3;8;118;153;0
2011;3;9;128;190;0
2011;4;;180;236;0
2011;4;1;103;131;0
2011;4;2;72;93;0
2011;4;3;115;151;0
2011;4;4;88;112;0
2011;4;5;79;111;0
2011;4;6;100;136;0
2011;4;7;107;145;1
2011;4;8;96;119;0
2011;4;9;102;136;0
2011;5;;347;459;1
2011;5;1;105;133;0
2011;5;2;60;78;0
2011;5;3;110;138;0
2011;5;4;77;103;0
2011;5;5;62;92;0
2011;5;6;59;86;1
2011;5;7;99;136;0
2011;5;8;131;167;0
2011;5;9;127;159;1
2011;6;;356;475;2
2011;6;1;84;103;0
2011;6;2;51;60;0
2011;6;3;96;123;0
2011;6;4;68;90;0
2011;6;5;78;112;0
2011;6;6;76;100;1
2011;6;7;55;80;0
2011;6;8;53;71;0
2011;6;9;75;111;0
2011;7;;32;40;0
2011;7;1;97;117;0
2011;7;2;74;93;1
2011;7;3;129;172;0
2011;7;4;101;142;0
2011;7;5;81;115;0
2011;7;6;78;106;0
2011;7;7;99;143;0
2011;7;8;109;155;0
2011;7;9;133;175;0
2011;8;;27;31;0
2011;8;1;49;67;0
2011;8;2;33;39;0
2011;8;3;62;89;0
2011;8;4;49;64;0
2011;8;5;42;60;0
2011;8;6;44;54;1
2011;8;7;56;75;2
2011;8;8;61;87;1
2011;8;9;79;108;0
2011;9;;52;67;0
2011;9;1;148;182;0
2011;9;2;76;112;0
2011;9;3;134;166;0
2011;9;4;105;134;3
2011;9;5;127;169;2
2011;9;6;104;145;1
2011;9;7;135;185;0
2011;9;8;118;157;2
2011;9;9;146;203;0
2011;10;;45;61;1
2011;10;1;136;162;0
2011;10;2;81;106;0
2011;10;3;161;216;2
2011;10;4;103;143;0
2011;10;5;119;162;0
2011;10;6;105;141;1
2011;10;7;139;192;2
2011;10;8;130;156;1
2011;10;9;171;232;3
2011;11;;43;68;0
2011;11;1;149;188;0
2011;11;2;61;88;0
2011;11;3;123;156;2
2011;11;4;85;105;0
2011;11;5;97;156;0
2011;11;6;86;120;1
2011;11;7;106;142;1
2011;11;8;110;154;0
2011;11;9;106;155;0
2011;12;;31;35;0
2011;12;1;109;127;0
2011;12;2;63;85;0
2011;12;3;110;148;0
2011;12;4;88;123;1
2011;12;5;68;94;0
2011;12;6;75;120;0
2011;12;7;102;126;0
2011;12;8;112;158;0
2011;12;9;141;194;1
2012;1;;44;70;0
2012;1;1;133;162;0
2012;1;2;66;80;1
2012;1;3;102;126;0
2012;1;4;78;127;0
2012;1;5;70;89;0
2012;1;6;62;78;1
2012;1;7;105;146;1
2012;1;8;99;149;0
2012;1;9;125;168;2
2012;2;;36;47;0
2012;2;1;70;88;0
2012;2;2;50;69;0
2012;2;3;83;114;0
2012;2;4;82;106;0
2012;2;5;70;92;0
2012;2;6;58;74;1
2012;2;7;80;119;0
2012;2;8;81;109;0
2012;2;9;96;132;0
2012;3;;36;41;0
2012;3;1;127;153;0
2012;3;2;78;95;1
2012;3;3;112;138;0
2012;3;4;97;117;0
2012;3;5;83;127;0
2012;3;6;95;125;1
2012;3;7;97;130;0
2012;3;8;102;137;0
2012;3;9;126;175;1
2012;4;;40;63;0
2012;4;1;75;91;1
2012;4;2;73;89;1
2012;4;3;105;160;0
2012;4;4;82;116;0
2012;4;5;81;125;1
2012;4;6;74;92;1
2012;4;7;76;100;1
2012;4;8;99;133;0
2012;4;9;104;148;1
2012;5;;38;53;0
2012;5;1;130;164;0
2012;5;2;88;105;1
2012;5;3;129;171;0
2012;5;4;89;113;0
2012;5;5;108;140;0
2012;5;6;109;139;2
2012;5;7;104;140;2
2012;5;8;124;181;0
2012;5;9;128;178;0
2012;6;;39;50;0
2012;6;1;107;139;0
2012;6;2;71;85;0
2012;6;3;124;159;0
2012;6;4;101;131;0
2012;6;5;112;158;3
2012;6;6;88;114;2
2012;6;7;89;118;1
2012;6;8;112;141;1
2012;6;9;132;187;0
2012;7;;37;48;0
2012;7;1;107;120;0
2012;7;2;70;96;0
2012;7;3;128;163;0
2012;7;4;86;99;2
2012;7;5;93;120;0
2012;7;6;71;90;0
2012;7;7;105;136;2
2012;7;8;105;139;1
2012;7;9;100;130;1
2012;8;;33;60;0
2012;8;1;41;50;0
2012;8;2;39;57;0
2012;8;3;68;90;1
2012;8;4;47;71;0
2012;8;5;50;70;0
2012;8;6;49;65;0
2012;8;7;44;54;0
2012;8;8;82;111;1
2012;8;9;65;91;0
2012;9;;34;53;0
2012;9;1;95;116;0
2012;9;2;57;67;0
2012;9;3;107;138;2
2012;9;4;94;111;0
2012;9;5;91;140;0
2012;9;6;71;93;1
2012;9;7;84;114;1
2012;9;8;106;127;0
2012;9;9;115;152;0
2012;10;;46;65;0
2012;10;1;133;173;1
2012;10;2;84;99;2
2012;10;3;123;177;1
2012;10;4;93;121;0
2012;10;5;116;147;2
2012;10;6;105;142;0
2012;10;7;117;148;0
2012;10;8;144;174;0
2012;10;9;131;173;0
2012;11;;43;57;0
2012;11;1;120;157;0
2012;11;2;51;61;0
2012;11;3;126;178;0
2012;11;4;106;151;1
2012;11;5;105;149;0
2012;11;6;79;101;1
2012;11;7;99;133;0
2012;11;8;140;182;2
2012;11;9;130;180;0
2012;12;;26;32;0
2012;12;1;126;161;0
2012;12;2;51;61;0
2012;12;3;104;142;0
2012;12;4;57;67;1
2012;12;5;76;107;1
2012;12;6;65;86;0
2012;12;7;77;101;0
2012;12;8;100;120;1
2012;12;9;104;151;1
2013;1;;42;55;2
2013;1;1;72;100;0
2013;1;2;35;47;0
2013;1;3;95;117;0
2013;1;4;74;91;1
2013;1;5;68;91;0
2013;1;6;73;96;1
2013;1;7;66;86;0
2013;1;8;96;130;0
2013;1;9;86;130;0
2013;2;;48;61;0
2013;2;1;62;87;0
2013;2;2;45;62;0
2013;2;3;79;98;1
2013;2;4;77;95;0
2013;2;5;53;70;0
2013;2;6;75;105;0
2013;2;7;61;74;0
2013;2;8;73;93;0
2013;2;9;103;135;1
2013;3;;41;54;0
2013;3;1;88;111;0
2013;3;2;44;65;0
2013;3;3;99;151;0
2013;3;4;79;111;1
2013;3;5;90;127;0
2013;3;6;58;77;1
2013;3;7;71;83;0
2013;3;8;92;112;0
2013;3;9;93;120;0
2013;4;;37;42;0
2013;4;1;90;118;0
2013;4;2;44;56;0
2013;4;3;87;121;0
2013;4;4;64;87;1
2013;4;5;91;121;0
2013;4;6;76;100;0
2013;4;7;80;108;1
2013;4;8;113;150;0
2013;4;9;95;125;0
2013;5;;33;36;0
2013;5;1;115;143;1
2013;5;2;52;63;0
2013;5;3;111;149;0
2013;5;4;90;122;0
2013;5;5;74;101;0
2013;5;6;90;119;0
2013;5;7;100;132;0
2013;5;8;112;156;0
2013;5;9;109;147;0
2013;6;;45;57;0
2013;6;1;112;128;0
2013;6;2;64;85;0
2013;6;3;104;134;0
2013;6;4;98;135;0
2013;6;5;109;144;0
2013;6;6;94;129;0
2013;6;7;115;139;1
2013;6;8;96;138;1
2013;6;9;130;178;0
2013;7;;43;47;0
2013;7;1;114;143;0
2013;7;2;56;73;2
2013;7;3;92;107;0
2013;7;4;86;103;0
2013;7;5;91;120;0
2013;7;6;75;94;0
2013;7;7;81;114;0
2013;7;8;135;176;0
2013;7;9;107;143;0
2013;8;;34;49;0
2013;8;1;30;40;1
2013;8;2;30;38;0
2013;8;3;50;67;0
2013;8;4;48;65;0
2013;8;5;45;52;0
2013;8;6;38;49;0
2013;8;7;70;99;0
2013;8;8;63;87;0
2013;8;9;75;100;0
2013;9;;50;62;0
2013;9;1;112;142;0
2013;9;2;40;50;0
2013;9;3;109;144;0
2013;9;4;85;118;1
2013;9;5;82;110;0
2013;9;6;98;134;0
2013;9;7;78;98;0
2013;9;8;114;148;0
2013;9;9;102;136;1
2013;10;;51;68;0
2013;10;1;132;164;0
2013;10;2;68;87;0
2013;10;3;118;148;0
2013;10;4;99;135;0
2013;10;5;94;134;0
2013;10;6;92;121;3
2013;10;7;115;157;0
2013;10;8;100;149;1
2013;10;9;125;158;0
2013;11;;53;71;1
2013;11;1;117;148;0
2013;11;2;56;74;0
2013;11;3;104;127;1
2013;11;4;64;79;0
2013;11;5;82;99;0
2013;11;6;83;114;0
2013;11;7;92;128;0
2013;11;8;100;122;0
2013;11;9;107;130;2
2013;12;;54;74;0
2013;12;1;93;109;1
2013;12;2;50;70;0
2013;12;3;98;122;1
2013;12;4;68;92;0
2013;12;5;62;77;0
2013;12;6;70;99;0
2013;12;7;71;89;0
2013;12;8;111;147;1
2013;12;9;105;154;0
2014;1;;54;76;0
2014;1;1;84;108;0
2014;1;2;44;58;0
2014;1;3;66;85;0
2014;1;4;62;88;0
2014;1;5;53;75;0
2014;1;6;58;80;0
2014;1;7;75;97;0
2014;1;8;63;74;1
2014;1;9;77;95;1
2014;2;;27;33;0
2014;2;1;92;110;0
2014;2;2;37;50;0
2014;2;3;86;103;0
2014;2;4;64;81;0
2014;2;5;74;108;1
2014;2;6;65;80;1
2014;2;7;70;97;0
2014;2;8;75;115;0
2014;2;9;94;122;0
2014;3;;37;43;0
2014;3;1;89;108;0
2014;3;2;48;67;0
2014;3;3;87;114;0
2014;3;4;53;70;1
2014;3;5;82;104;0
2014;3;6;68;95;0
2014;3;7;89;115;0
2014;3;8;102;119;0
2014;3;9;104;144;1
2014;4;;57;74;0
2014;4;1;93;113;0
2014;4;2;54;67;0
2014;4;3;91;110;0
2014;4;4;86;117;1
2014;4;5;78;99;0
2014;4;6;71;97;0
2014;4;7;92;112;1
2014;4;8;113;143;0
2014;4;9;102;148;2
2014;5;;37;45;0
2014;5;1;120;143;1
2014;5;2;53;58;0
2014;5;3;96;123;1
2014;5;4;80;108;0
2014;5;5;88;108;0
2014;5;6;77;103;0
2014;5;7;97;121;2
2014;5;8;133;157;1
2014;5;9;105;129;1
2014;6;;41;52;1
2014;6;1;103;126;0
2014;6;2;69;91;0
2014;6;3;98;132;0
2014;6;4;81;96;4
2014;6;5;78;116;0
2014;6;6;69;93;1
2014;6;7;96;121;0
2014;6;8;94;121;0
2014;6;9;95;131;0
2014;7;;46;68;0
2014;7;1;103;125;0
2014;7;2;50;63;0
2014;7;3;92;117;1
2014;7;4;78;111;1
2014;7;5;68;94;0
2014;7;6;70;95;1
2014;7;7;84;122;1
2014;7;8;102;127;1
2014;7;9;76;94;1
2014;8;;23;31;1
2014;8;1;29;40;0
2014;8;2;23;29;0
2014;8;3;44;60;0
2014;8;4;42;59;0
2014;8;5;41;63;0
2014;8;6;31;38;0
2014;8;7;36;47;0
2014;8;8;54;79;0
2014;8;9;53;64;0
2014;9;;55;73;1
2014;9;1;70;97;0
2014;9;2;39;48;0
2014;9;3;104;129;0
2014;9;4;80;99;0
2014;9;5;79;103;0
2014;9;6;79;110;0
2014;9;7;82;99;1
2014;9;8;96;123;1
2014;9;9;101;140;0
2014;10;;76;93;0
2014;10;1;110;142;2
2014;10;2;59;74;0
2014;10;3;92;117;0
2014;10;4;87;124;0
2014;10;5;74;89;1
2014;10;6;83;113;0
2014;10;7;93;127;0
2014;10;8;105;136;0
2014;10;9;96;128;0
2014;11;;106;149;0
2014;11;1;75;89;0
2014;11;2;51;63;0
2014;11;3;76;97;0
2014;11;4;65;79;0
2014;11;5;71;95;1
2014;11;6;58;68;0
2014;11;7;62;88;1
2014;11;8;84;104;0
2014;11;9;82;113;0
2014;12;;114;155;0
2014;12;1;71;102;1
2014;12;2;40;49;0
2014;12;3;76;102;0
2014;12;4;55;65;1
2014;12;5;53;79;0
2014;12;6;49;57;0
2014;12;7;68;76;0
2014;12;8;69;86;0
2014;12;9;84;117;0
2015;1;;161;213;1
2015;1;1;49;57;0
2015;1;2;26;40;0
2015;1;3;67;77;0
2015;1;4;50;71;0
2015;1;5;39;59;0
2015;1;6;52;62;0
2015;1;7;53;67;1
2015;1;8;77;92;0
2015;1;9;78;107;0
2015;2;;415;536;2
2015;2;1;23;29;0
2015;2;2;26;32;0
2015;2;3;33;39;0
2015;2;4;21;33;0
2015;2;5;21;25;0
2015;2;6;17;25;2
2015;2;7;24;30;1
2015;2;8;21;24;0
2015;2;9;30;38;1
2015;3;;36;58;0
2015;3;1;93;120;1
2015;3;2;55;69;1
2015;3;3;106;134;1
2015;3;4;54;75;1
2015;3;5;62;88;0
2015;3;6;75;106;0
2015;3;7;72;104;0
2015;3;8;83;106;1
2015;3;9;88;107;0
2015;4;;32;47;0
2015;4;1;89;106;0
2015;4;2;50;69;0
2015;4;3;108;139;1
2015;4;4;80;120;0
2015;4;5;72;87;0
2015;4;6;59;85;0
2015;4;7;86;104;1
2015;4;8;82;117;0
2015;4;9;105;127;0
2015;5;;48;54;1
2015;5;1;106;144;0
2015;5;2;43;58;1
2015;5;3;82;106;0
2015;5;4;86;114;0
2015;5;5;74;105;0
2015;5;6;80;96;0
2015;5;7;85;121;2
2015;5;8;117;154;1
2015;5;9;105;146;0
2015;6;;37;51;0
2015;6;1;87;111;0
2015;6;2;50;62;0
2015;6;3;106;132;2
2015;6;4;73;93;1
2015;6;5;67;88;1
2015;6;6;77;108;0
2015;6;7;86;110;1
2015;6;8;114;161;1
2015;6;9;95;124;1
2015;7;;47;66;0
2015;7;1;91;113;0
2015;7;2;64;89;0
2015;7;3;97;131;0
2015;7;4;81;103;0
2015;7;5;92;110;1
2015;7;6;81;93;0
2015;7;7;68;89;0
2015;7;8;84;108;0
2015;7;9;103;137;1
2015;8;;19;22;1
2015;8;1;34;39;0
2015;8;2;29;40;0
2015;8;3;42;52;0
2015;8;4;34;44;0
2015;8;5;53;85;0
2015;8;6;31;37;0
2015;8;7;44;65;0
2015;8;8;48;57;1
2015;8;9;51;65;1
2015;9;;49;59;0
2015;9;1;89;115;1
2015;9;2;37;49;0
2015;9;3;81;102;0
2015;9;4;83;111;1
2015;9;5;70;95;0
2015;9;6;78;107;0
2015;9;7;89;113;1
2015;9;8;94;124;0
2015;9;9;94;117;0
2015;10;;40;49;0
2015;10;1;99;134;1
2015;10;2;60;75;0
2015;10;3;130;165;1
2015;10;4;77;102;0
2015;10;5;81;101;1
2015;10;6;74;112;0
2015;10;7;89;114;0
2015;10;8;121;165;1
2015;10;9;110;152;2
2015;11;;26;31;0
2015;11;1;117;142;0
2015;11;2;54;65;1
2015;11;3;82;97;0
2015;11;4;76;103;0
2015;11;5;62;87;0
2015;11;6;80;104;1
2015;11;7;83;108;1
2015;11;8;104;136;0
2015;11;9;92;115;0
2015;12;;28;36;1
2015;12;1;92;106;0
2015;12;2;28;40;0
2015;12;3;66;82;1
2015;12;4;71;92;0
2015;12;5;61;82;0
2015;12;6;60;83;1
2015;12;7;66;84;0
2015;12;8;71;106;0
2015;12;9;82;104;2
2016;1;;33;40;0
2016;1;1;78;85;1
2016;1;2;37;51;0
2016;1;3;67;83;0
2016;1;4;63;87;0
2016;1;5;64;84;1
2016;1;6;43;55;0
2016;1;7;90;118;2
2016;1;8;77;111;2
2016;1;9;85;130;1
2016;2;;48;73;0
2016;2;1;102;140;0
2016;2;2;52;60;0
2016;2;3;77;101;0
2016;2;4;70;95;0
2016;2;5;65;90;0
2016;2;6;46;56;0
2016;2;7;66;95;0
2016;2;8;75;111;0
2016;2;9;105;149;1
2016;3;;35;45;0
2016;3;1;83;113;0
2016;3;2;53;73;0
2016;3;3;73;100;0
2016;3;4;71;94;1
2016;3;5;64;87;0
2016;3;6;71;98;1
2016;3;7;82;112;0
2016;3;8;93;131;0
2016;3;9;103;158;0
2016;4;;39;53;0
2016;4;1;84;104;0
2016;4;2;45;62;0
2016;4;3;111;139;2
2016;4;4;87;119;0
2016;4;5;69;97;0
2016;4;6;73;96;0
2016;4;7;106;134;0
2016;4;8;114;139;0
2016;4;9;93;130;0
2016;5;;36;43;0
2016;5;1;93;128;0
2016;5;2;60;80;0
2016;5;3;114;147;0
2016;5;4;76;101;1
2016;5;5;97;132;1
2016;5;6;64;90;0
2016;5;7;98;127;0
2016;5;8;106;154;0
2016;5;9;122;166;0
2016;6;;46;53;0
2016;6;1;95;112;1
2016;6;2;48;59;0
2016;6;3;98;127;0
2016;6;4;74;102;0
2016;6;5;70;96;1
2016;6;6;61;75;0
2016;6;7;79;100;0
2016;6;8;92;121;0
2016;6;9;104;142;3
2016;7;;32;38;2
2016;7;1;84;103;0
2016;7;2;49;58;0
2016;7;3;98;132;1
2016;7;4;94;128;1
2016;7;5;82;100;0
2016;7;6;75;105;0
2016;7;7;69;90;0
2016;7;8;93;138;0
2016;7;9;94;122;0
2016;8;;18;26;0
2016;8;1;36;41;0
2016;8;2;33;49;0
2016;8;3;52;69;0
2016;8;4;56;80;0
2016;8;5;48;61;0
2016;8;6;30;42;0
2016;8;7;59;70;1
2016;8;8;38;53;0
2016;8;9;59;94;0
2016;9;;45;54;1
2016;9;1;93;120;0
2016;9;2;48;53;1
2016;9;3;85;110;0
2016;9;4;78;103;2
2016;9;5;83;120;0
2016;9;6;67;95;0
2016;9;7;87;130;1
2016;9;8;84;109;0
2016;9;9;104;133;0
2016;10;;51;80;0
2016;10;1;97;118;0
2016;10;2;49;67;0
2016;10;3;94;116;0
2016;10;4;95;110;1
2016;10;5;84;107;0
2016;10;6;79;108;0
2016;10;7;104;140;1
2016;10;8;120;144;1
2016;10;9;100;121;0
2016;11;;59;81;0
2016;11;1;92;118;0
2016;11;2;49;67;0
2016;11;3;89;119;0
2016;11;4;80;96;3
2016;11;5;93;121;0
2016;11;6;65;83;0
2016;11;7;77;104;1
2016;11;8;101;140;1
2016;11;9;114;151;3
2016;12;;38;51;0
2016;12;1;72;87;0
2016;12;2;43;62;0
2016;12;3;71;86;0
2016;12;4;44;61;0
2016;12;5;58;80;1
2016;12;6;47;57;2
2016;12;7;61;77;1
2016;12;8;67;81;1
2016;12;9;79;109;0
2017;1;;38;44;1
2017;1;1;55;66;0
2017;1;2;38;51;0
2017;1;3;57;70;0
2017;1;4;57;75;1
2017;1;5;63;85;0
2017;1;6;67;91;0
2017;1;7;49;61;1
2017;1;8;70;94;0
2017;1;9;68;88;0
2017;2;;31;38;1
2017;2;1;79;104;0
2017;2;2;39;58;0
2017;2;3;68;98;0
2017;2;4;56;78;0
2017;2;5;55;73;0
2017;2;6;52;64;1
2017;2;7;68;83;2
2017;2;8;88;108;0
2017;2;9;61;84;0
2017;3;;42;58;1
2017;3;1;85;100;0
2017;3;2;44;55;0
2017;3;3;89;113;0
2017;3;4;76;109;0
2017;3;5;87;112;1
2017;3;6;80;94;0
2017;3;7;74;96;0
2017;3;8;111;153;0
2017;3;9;100;126;1
2017;4;;44;54;0
2017;4;1;83;108;0
2017;4;2;37;54;1
2017;4;3;91;118;0
2017;4;4;60;78;1
2017;4;5;70;98;0
2017;4;6;60;86;1
2017;4;7;73;94;0
2017;4;8;104;143;0
2017;4;9;95;121;1
2017;5;;31;40;1
2017;5;1;105;125;0
2017;5;2;59;75;1
2017;5;3;106;132;0
2017;5;4;73;103;0
2017;5;5;82;106;1
2017;5;6;61;74;0
2017;5;7;78;110;0
2017;5;8;107;126;0
2017;5;9;92;135;1
2017;6;;22;26;0
2017;6;1;89;107;0
2017;6;2;63;76;0
2017;6;3;118;161;0
2017;6;4;58;81;0
2017;6;5;68;91;1
2017;6;6;94;118;0
2017;6;7;78;101;0
2017;6;8;90;110;0
2017;6;9;79;100;0
2017;7;;49;67;1
2017;7;1;80;109;0
2017;7;2;40;48;0
2017;7;3;97;114;1
2017;7;4;68;90;1
2017;7;5;63;85;1
2017;7;6;60;77;0
2017;7;7;73;93;0
2017;7;8;92;115;3
2017;7;9;69;100;0
2017;8;;27;33;1
2017;8;1;39;44;0
2017;8;2;32;39;0
2017;8;3;67;92;0
2017;8;4;39;53;0
2017;8;5;37;60;1
2017;8;6;41;64;0
2017;8;7;46;52;0
2017;8;8;50;63;0
2017;8;9;50;65;0
2017;9;;37;45;0
2017;9;1;92;116;0
2017;9;2;52;67;0
2017;9;3;101;122;0
2017;9;4;44;65;0
2017;9;5;78;101;1
2017;9;6;62;79;0
2017;9;7;82;124;2
2017;9;8;94;114;0
2017;9;9;104;145;2
2017;10;;33;46;0
2017;10;1;88;104;0
2017;10;2;40;58;0
2017;10;3;108;142;0
2017;10;4;72;106;0
2017;10;5;62;74;0
2017;10;6;81;105;1
2017;10;7;89;126;0
2017;10;8;108;133;0
2017;10;9;109;135;1
2017;11;;39;47;1
2017;11;1;96;117;0
2017;11;2;59;74;0
2017;11;3;85;103;0
2017;11;4;64;88;0
2017;11;5;79;101;0
2017;11;6;67;99;0
2017;11;7;77;95;1
2017;11;8;95;116;1
2017;11;9;112;148;0
2017;12;;35;44;0
2017;12;1;85;98;1
2017;12;2;48;61;1
2017;12;3;76;93;1
2017;12;4;52;69;0
2017;12;5;70;86;1
2017;12;6;56;66;2
2017;12;7;66;84;2
2017;12;8;77;104;0
2017;12;9;87;105;1
2018;1;;36;53;0
2018;1;1;71;87;0
2018;1;2;37;52;1
2018;1;3;87;111;1
2018;1;4;63;80;0
2018;1;5;60;76;0
2018;1;6;67;87;0
2018;1;7;66;97;1
2018;1;8;73;92;2
2018;1;9;75;102;3
2018;2;;52;67;1
2018;2;1;70;85;1
2018;2;2;40;53;1
2018;2;3;71;95;0
2018;2;4;58;78;0
2018;2;5;65;84;0
2018;2;6;55;69;0
2018;2;7;62;78;0
2018;2;8;76;108;0
2018;2;9;78;102;0
2018;3;;32;38;0
2018;3;1;70;91;1
2018;3;2;40;50;0
2018;3;3;75;90;0
2018;3;4;75;97;0
2018;3;5;70;98;0
2018;3;6;54;68;1
2018;3;7;56;68;0
2018;3;8;92;126;0
2018;3;9;89;116;0
2018;4;;32;47;0
2018;4;1;83;97;1
2018;4;2;43;56;0
2018;4;3;68;91;0
2018;4;4;63;86;0
2018;4;5;47;61;0
2018;4;6;74;100;1
2018;4;7;75;106;0
2018;4;8;95;134;0
2018;4;9;95;130;0
2018;5;;39;52;0
2018;5;1;78;84;0
2018;5;2;41;59;0
2018;5;3;108;126;0
2018;5;4;80;111;0
2018;5;5;94;122;2
2018;5;6;68;92;2
2018;5;7;84;113;0
2018;5;8;81;114;0
2018;5;9;128;163;0
2018;6;;23;26;0
2018;6;1;80;100;0
2018;6;2;65;85;0
2018;6;3;99;116;1
2018;6;4;76;92;1
2018;6;5;85;107;0
2018;6;6;89;113;0
2018;6;7;77;100;0
2018;6;8;105;135;0
2018;6;9;95;115;0
2018;7;;30;44;0
2018;7;1;66;89;0
2018;7;2;54;69;1
2018;7;3;93;124;0
2018;7;4;57;74;0
2018;7;5;68;98;0
2018;7;6;87;118;0
2018;7;7;59;85;1
2018;7;8;68;95;0
2018;7;9;85;133;0
2018;8;;23;37;0
2018;8;1;32;39;0
2018;8;2;30;44;0
2018;8;3;43;47;0
2018;8;4;34;40;0
2018;8;5;32;36;1
2018;8;6;23;27;0
2018;8;7;42;56;0
2018;8;8;54;71;0
2018;8;9;56;78;1
2018;9;;39;57;1
2018;9;1;90;110;0
2018;9;2;52;70;0
2018;9;3;92;117;1
2018;9;4;82;104;0
2018;9;5;77;97;1
2018;9;6;74;108;0
2018;9;7;80;104;3
2018;9;8;85;107;1
2018;9;9;87;117;0
2018;10;;36;48;1
2018;10;1;103;125;0
2018;10;2;52;67;1
2018;10;3;111;139;0
2018;10;4;77;97;2
2018;10;5;75;92;0
2018;10;6;72;83;0
2018;10;7;79;111;0
2018;10;8;113;137;1
2018;10;9;119;160;2
2018;11;;30;44;0
2018;11;1;88;101;0
2018;11;2;51;58;0
2018;11;3;82;96;1
2018;11;4;78;94;0
2018;11;5;80;98;0
2018;11;6;77;110;0
2018;11;7;73;92;1
2018;11;8;104;128;1
2018;11;9;119;147;0
2018;12;;23;28;0
2018;12;1;83;107;0
2018;12;2;40;57;0
2018;12;3;81;114;0
2018;12;4;62;78;0
2018;12;5;68;87;0
2018;12;6;62;75;3
2018;12;7;59;75;1
2018;12;8;100;128;0
2018;12;9;78;107;0
2019;1;;27;36;0
2019;1;1;72;96;0
2019;1;2;43;59;0
2019;1;3;74;89;1
2019;1;4;48;59;0
2019;1;5;77;96;1
2019;1;6;49;61;0
2019;1;7;85;112;0
2019;1;8;81;97;0
2019;1;9;60;83;0
2019;2;;12;20;0
2019;2;1;70;84;0
2019;2;2;40;53;0
2019;2;3;87;108;0
2019;2;4;67;96;0
2019;2;5;66;74;0
2019;2;6;50;59;0
2019;2;7;67;91;0
2019;2;8;77;112;1
2019;2;9;72;92;0
2019;3;;27;30;1
2019;3;1;106;132;1
2019;3;2;68;86;0
2019;3;3;96;116;0
2019;3;4;61;67;0
2019;3;5;77;97;0
2019;3;6;64;73;0
2019;3;7;71;88;0
2019;3;8;103;134;0
2019;3;9;102;142;0
2019;4;;34;42;0
2019;4;1;101;123;1
2019;4;2;63;77;0
2019;4;3;87;117;0
2019;4;4;50;67;1
2019;4;5;53;65;0
2019;4;6;65;84;1
2019;4;7;87;110;0
2019;4;8;88;118;0
2019;4;9;74;105;1
2019;5;;33;43;0
2019;5;1;81;103;0
2019;5;2;43;51;0
2019;5;3;90;118;0
2019;5;4;93;115;0
2019;5;5;76;104;1
2019;5;6;65;81;1
2019;5;7;87;111;1
2019;5;8;86;116;0
2019;5;9;111;148;0
2019;6;;31;43;1
2019;6;1;85;115;1
2019;6;2;48;58;0
2019;6;3;89;118;0
2019;6;4;47;63;0
2019;6;5;73;105;0
2019;6;6;76;101;1
2019;6;7;85;104;0
2019;6;8;76;105;0
2019;6;9;99;134;0
2019;7;;40;58;0
2019;7;1;79;92;0
2019;7;2;43;51;0
2019;7;3;88;100;0
2019;7;4;63;89;1
2019;7;5;72;104;0
2019;7;6;49;60;0
2019;7;7;75;98;0
2019;7;8;96;120;2
2019;7;9;98;137;2
2019;8;;10;12;0
2019;8;1;33;38;0
2019;8;2;26;34;0
2019;8;3;57;68;0
2019;8;4;31;40;1
2019;8;5;36;47;0
2019;8;6;41;52;0
2019;8;7;38;50;1
2019;8;8;43;62;0
2019;8;9;48;56;0
2019;9;;28;36;0
2019;9;1;86;105;0
2019;9;2;47;66;0
2019;9;3;80;92;0
2019;9;4;68;88;0
2019;9;5;64;80;0
2019;9;6;68;91;0
2019;9;7;58;86;0
2019;9;8;93;130;0
2019;9;9;98;134;0
2019;10;;35;48;0
2019;10;1;93;113;0
2019;10;2;55;72;0
2019;10;3;89;109;0
2019;10;4;83;109;0
2019;10;5;91;113;1
2019;10;6;71;99;0
2019;10;7;82;100;1
2019;10;8;99;129;0
2019;10;9;103;138;0
2019;11;;48;61;0
2019;11;1;81;94;0
2019;11;2;47;55;0
2019;11;3;92;115;0
2019;11;4;80;103;2
2019;11;5;80;102;1
2019;11;6;64;78;0
2019;11;7;68;88;0
2019;11;8;105;128;0
2019;11;9;88;115;2
2019;12;;37;52;0
2019;12;1;86;108;0
2019;12;2;33;45;0
2019;12;3;66;84;1
2019;12;4;53;65;0
2019;12;5;51;64;0
2019;12;6;63;73;0
2019;12;7;62;105;2
2019;12;8;100;129;0
2019;12;9;82;119;0
2020;1;;21;26;0
2020;1;1;54;63;0
2020;1;2;37;48;0
2020;1;3;56;66;0
2020;1;4;66;89;1
2020;1;5;48;65;1
2020;1;6;49;64;0
2020;1;7;52;66;0
2020;1;8;76;98;1
2020;1;9;76;93;1
2020;2;;28;39;0
2020;2;1;64;75;1
2020;2;2;31;35;0
2020;2;3;70;86;2
2020;2;4;46;57;0
2020;2;5;54;68;0
2020;2;6;44;56;0
2020;2;7;61;75;0
2020;2;8;70;88;1
2020;2;9;64;81;0
2020;3;;10;13;1
2020;3;1;16;17;0
2020;3;2;15;17;0
2020;3;3;30;41;0
2020;3;4;21;30;0
2020;3;5;18;23;0
2020;3;6;15;20;0
2020;3;7;27;36;2
2020;3;8;21;30;0
2020;3;9;26;29;0
2020;4;;7;10;0
2020;4;1;4;6;0
2020;4;2;11;11;0
2020;4;3;12;14;0
2020;4;4;10;12;0
2020;4;5;7;8;0
2020;4;6;10;13;0
2020;4;7;6;9;0
2020;4;8;11;15;0
2020;4;9;9;9;0
2020;5;;24;26;0
2020;5;1;33;37;0
2020;5;2;26;31;1
2020;5;3;38;46;0
2020;5;4;34;43;0
2020;5;5;37;52;0
2020;5;6;31;40;0
2020;5;7;39;49;0
2020;5;8;44;54;0
2020;5;9;32;35;1
2020;6;;30;40;0
2020;6;1;49;60;0
2020;6;2;32;37;0
2020;6;3;79;89;1
2020;6;4;45;54;0
2020;6;5;45;54;0
2020;6;6;39;42;0
2020;6;7;66;75;1
2020;6;8;67;81;0
2020;6;9;61;76;1
2020;7;;31;34;0
2020;7;1;53;65;0
2020;7;2;49;60;0
2020;7;3;73;87;0
2020;7;4;60;77;0
2020;7;5;47;54;0
2020;7;6;54;69;0
2020;7;7;66;81;1
2020;7;8;78;95;1
2020;7;9;70;94;0
2020;8;;18;28;0
2020;8;1;28;32;0
2020;8;2;26;34;0
2020;8;3;41;51;0
2020;8;4;42;47;0
2020;8;5;34;42;0
2020;8;6;40;48;0
2020;8;7;40;56;0
2020;8;8;26;41;1
2020;8;9;62;85;0
2020;9;;25;29;0
2020;9;1;71;80;0
2020;9;2;55;81;0
2020;9;3;80;98;0
2020;9;4;75;108;0
2020;9;5;56;71;0
2020;9;6;66;73;0
2020;9;7;79;89;0
2020;9;8;94;119;1
2020;9;9;86;112;0
2020;10;;31;37;1
2020;10;1;78;93;1
2020;10;2;36;48;0
2020;10;3;104;129;0
2020;10;4;47;60;1
2020;10;5;67;76;0
2020;10;6;53;61;0
2020;10;7;76;96;0
2020;10;8;75;88;0
2020;10;9;84;100;0
2020;11;;9;10;0
2020;11;1;33;37;0
2020;11;2;18;23;0
2020;11;3;42;48;0
2020;11;4;45;57;0
2020;11;5;38;42;1
2020;11;6;41;49;0
2020;11;7;40;49;0
2020;11;8;55;73;0
2020;11;9;41;48;0
2020;12;;25;27;0
2020;12;1;46;56;0
2020;12;2;26;28;0
2020;12;3;45;54;1
2020;12;4;49;57;2
2020;12;5;45;56;0
2020;12;6;28;39;1
2020;12;7;44;53;0
2020;12;8;44;54;1
2020;12;9;60;71;0
2021;1;;19;24;0
2021;1;1;39;42;0
2021;1;2;16;19;0
2021;1;3;62;77;0
2021;1;4;41;50;0
2021;1;5;28;39;0
2021;1;6;34;40;0
2021;1;7;29;31;1
2021;1;8;49;61;0
2021;1;9;36;47;0
2021;2;;20;22;0
2021;2;1;47;58;0
2021;2;2;32;34;0
2021;2;3;50;60;0
2021;2;4;46;59;0
2021;2;5;51;64;0
2021;2;6;39;55;0
2021;2;7;51;58;0
2021;2;8;66;80;0
2021;2;9;61;81;0
2021;3;;33;36;0
2021;3;1;59;64;0
2021;3;2;29;30;0
2021;3;3;64;78;2
2021;3;4;43;51;1
2021;3;5;48;61;0
2021;3;6;47;62;0
2021;3;7;53;61;0
2021;3;8;48;57;0
2021;3;9;59;76;0
2021;4;;26;32;0
2021;4;1;62;73;0
2021;4;2;39;47;0
2021;4;3;85;97;0
2021;4;4;41;47;0
2021;4;5;66;72;0
2021;4;6;51;64;0
2021;4;7;55;73;0
2021;4;8;51;62;0
2021;4;9;53;66;0
2021;5;;35;49;0
2021;5;1;99;110;0
2021;5;2;45;52;0
2021;5;3;82;106;0
2021;5;4;57;64;0
2021;5;5;76;90;1
2021;5;6;65;80;2
2021;5;7;77;99;1
2021;5;8;100;124;1
2021;5;9;97;112;1
2021;6;;30;34;0
2021;6;1;87;104;0
2021;6;2;54;65;0
2021;6;3;88;96;0
2021;6;4;64;77;0
2021;6;5;78;87;0
2021;6;6;66;77;0
2021;6;7;87;111;1
2021;6;8;109;133;0
2021;6;9;98;126;1
2021;7;;40;45;1
2021;7;1;78;91;0
2021;7;2;51;60;0
2021;7;3;89;116;0
2021;7;4;65;80;0
2021;7;5;57;73;0
2021;7;6;67;87;0
2021;7;7;78;107;0
2021;7;8;78;93;0
2021;7;9;77;105;0
2021;8;;18;20;0
2021;8;1;42;52;0
2021;8;2;37;49;0
2021;8;3;48;63;0
2021;8;4;42;57;0
2021;8;5;43;56;0
2021;8;6;37;48;0
2021;8;7;41;52;0
2021;8;8;38;48;1
2021;8;9;64;81;2
2021;9;;26;37;0
2021;9;1;92;118;1
2021;9;2;63;86;1
2021;9;3;98;117;0
2021;9;4;83;96;0
2021;9;5;69;86;0
2021;9;6;52;67;0
2021;9;7;81;100;1
2021;9;8;93;139;1
2021;9;9;104;142;0
2021;10;;41;46;1
2021;10;1;99;117;1
2021;10;2;61;78;0
2021;10;3;97;122;0
2021;10;4;76;98;2
2021;10;5;74;93;2
2021;10;6;61;78;0
2021;10;7;88;106;0
2021;10;8;115;146;0
2021;10;9;116;152;0
2021;11;;36;47;1
2021;11;1;75;94;1
2021;11;2;51;71;0
2021;11;3;90;112;0
2021;11;4;72;83;0
2021;11;5;56;68;0
2021;11;6;61;78;0
2021;11;7;85;115;0
2021;11;8;101;120;2
2021;11;9;93;113;0
2021;12;;29;37;0
2021;12;1;62;74;0
2021;12;2;29;35;0
2021;12;3;80;97;0
2021;12;4;46;57;0
2021;12;5;59;73;0
2021;12;6;55;70;1
2021;12;7;60;76;0
2021;12;8;70;88;0
2021;12;9;75;97;0
2022;1;;25;30;0
2022;1;1;60;68;0
2022;1;2;39;56;0
2022;1;3;72;94;0
2022;1;4;53;67;0
2022;1;5;55;66;0
2022;1;6;32;45;0
2022;1;7;50;63;2
2022;1;8;67;90;0
2022;1;9;68;102;1
2022;2;;36;44;0
2022;2;1;64;71;0
2022;2;2;34;46;0
2022;2;3;61;75;0
2022;2;4;51;68;0
2022;2;5;56;65;0
2022;2;6;57;63;0
2022;2;7;52;67;0
2022;2;8;75;95;0
2022;2;9;76;93;0
2022;3;;19;21;0
2022;3;1;70;81;0
2022;3;2;42;54;0
2022;3;3;82;95;3
2022;3;4;50;58;1
2022;3;5;65;83;0
2022;3;6;54;64;1
2022;3;7;71;90;0
2022;3;8;85;107;0
2022;3;9;77;102;1
2022;4;;37;44;0
2022;4;1;86;101;0
2022;4;2;53;66;0
2022;4;3;81;101;0
2022;4;4;50;63;0
2022;4;5;41;56;0
2022;4;6;55;74;1
2022;4;7;76;98;0
2022;4;8;83;103;0
2022;4;9;86;109;1
2022;5;;34;49;0
2022;5;1;90;109;0
2022;5;2;50;67;0
2022;5;3;99;126;0
2022;5;4;78;102;0
2022;5;5;70;102;1
2022;5;6;68;92;0
2022;5;7;75;88;1
2022;5;8;86;112;0
2022;5;9;115;144;0
2022;6;;29;38;0
2022;6;1;83;99;0
2022;6;2;53;61;0
2022;6;3;109;136;0
2022;6;4;83;109;0
2022;6;5;76;100;0
2022;6;6;61;75;0
2022;6;7;69;85;1
2022;6;8;103;129;0
2022;6;9;94;121;0
2022;7;;33;53;1
2022;7;1;66;79;0
2022;7;2;45;51;0
2022;7;3;106;126;2
2022;7;4;60;73;0
2022;7;5;55;69;0
2022;7;6;49;60;0
2022;7;7;66;81;0
2022;7;8;86;116;0
2022;7;9;79;101;1
2022;8;;19;22;0
2022;8;1;35;43;0
2022;8;2;26;32;1
2022;8;3;50;59;1
2022;8;4;50;60;1
2022;8;5;40;61;1
2022;8;6;33;49;0
2022;8;7;43;60;0
2022;8;8;48;58;1
2022;8;9;45;70;0
2022;9;;36;44;0
2022;9;1;79;98;0
2022;9;2;56;68;1
2022;9;3;91;117;1
